<?xml version="1.0" encoding="UTF-8"?>
<project-private xmlns="http://www.netbeans.org/ns/project-private/1">
    <editor-bookmarks xmlns="http://www.netbeans.org/ns/editor-bookmarks/2" lastBookmarkId="0"/>
    <open-files xmlns="http://www.netbeans.org/ns/projectui-open-files/2">
        <group>
            <file>file:/C:/Program%20Files%20(x86)/EasyPHP-Devserver-17/eds-www/EjemploServicioweb/LimpiezaProteccion/public/js/Confirm.js</file>
            <file>file:/C:/Program%20Files%20(x86)/EasyPHP-Devserver-17/eds-www/EjemploServicioweb/LimpiezaProteccion/public/js/ConfirmPayment.js</file>
            <file>file:/C:/Program%20Files%20(x86)/EasyPHP-Devserver-17/eds-www/EjemploServicioweb/LimpiezaProteccion/services/bccr.php</file>
            <file>file:/C:/Program%20Files%20(x86)/EasyPHP-Devserver-17/eds-www/EjemploServicioweb/LimpiezaProteccion/view/ConfirmUserView.php</file>
            <file>file:/C:/Program%20Files%20(x86)/EasyPHP-Devserver-17/eds-www/EjemploServicioweb/LimpiezaProteccion/services/api.php</file>
            <file>file:/C:/Program%20Files%20(x86)/EasyPHP-Devserver-17/eds-www/EjemploServicioweb/LimpiezaProteccion/model/apiModel.php</file>
            <file>file:/C:/Program%20Files%20(x86)/EasyPHP-Devserver-17/eds-www/EjemploServicioweb/LimpiezaProteccion/public/js/DirectPurchase.js</file>
            <file>file:/C:/Program%20Files%20(x86)/EasyPHP-Devserver-17/eds-www/EjemploServicioweb/LimpiezaProteccion/controller/ProductController.php</file>
            <file>file:/C:/Program%20Files%20(x86)/EasyPHP-Devserver-17/eds-www/EjemploServicioweb/LimpiezaProteccion/view/PaymentView.php</file>
            <file>file:/C:/Program%20Files%20(x86)/EasyPHP-Devserver-17/eds-www/EjemploServicioweb/LimpiezaProteccion/public/js/Login.js</file>
            <file>file:/C:/Program%20Files%20(x86)/EasyPHP-Devserver-17/eds-www/EjemploServicioweb/LimpiezaProteccion/view/PrincipalSaleView.php</file>
            <file>file:/C:/Program%20Files%20(x86)/EasyPHP-Devserver-17/eds-www/EjemploServicioweb/LimpiezaProteccion/controller/apiController.php</file>
            <file>file:/C:/Program%20Files%20(x86)/EasyPHP-Devserver-17/eds-www/EjemploServicioweb/LimpiezaProteccion/view/TrolleyView.php</file>
            <file>file:/C:/Program%20Files%20(x86)/EasyPHP-Devserver-17/eds-www/EjemploServicioweb/LimpiezaProteccion/services/user.php</file>
            <file>file:/C:/Program%20Files%20(x86)/EasyPHP-Devserver-17/eds-www/EjemploServicioweb/LimpiezaProteccion/services/apiRegisterDesktop.php</file>
            <file>file:/C:/Program%20Files%20(x86)/EasyPHP-Devserver-17/eds-www/EjemploServicioweb/LimpiezaProteccion/public/js/Payment.js</file>
            <file>file:/C:/Program%20Files%20(x86)/EasyPHP-Devserver-17/eds-www/EjemploServicioweb/LimpiezaProteccion/public/js/Products.js</file>
            <file>file:/C:/Program%20Files%20(x86)/EasyPHP-Devserver-17/eds-www/EjemploServicioweb/LimpiezaProteccion/view/HeaderUser.php</file>
            <file>file:/C:/Program%20Files%20(x86)/EasyPHP-Devserver-17/eds-www/EjemploServicioweb/LimpiezaProteccion/services/rest.php</file>
            <file>file:/C:/Program%20Files%20(x86)/EasyPHP-Devserver-17/eds-www/EjemploServicioweb/LimpiezaProteccion/view/ProductPromotionView.php</file>
            <file>file:/C:/Program%20Files%20(x86)/EasyPHP-Devserver-17/eds-www/EjemploServicioweb/LimpiezaProteccion/services/files.php</file>
            <file>file:/C:/Program%20Files%20(x86)/EasyPHP-Devserver-17/eds-www/EjemploServicioweb/LimpiezaProteccion/public/js/Categories.js</file>
        </group>
    </open-files>
</project-private>
